track_id,path,label,artist,split,label_idx
blues.00000,data/raw/gtzan/genres_original\blues\blues.00000.wav,blues,,train,0
blues.00001,data/raw/gtzan/genres_original\blues\blues.00001.wav,blues,,train,0
blues.00002,data/raw/gtzan/genres_original\blues\blues.00002.wav,blues,,test,0
blues.00003,data/raw/gtzan/genres_original\blues\blues.00003.wav,blues,,train,0
blues.00004,data/raw/gtzan/genres_original\blues\blues.00004.wav,blues,,val,0
blues.00005,data/raw/gtzan/genres_original\blues\blues.00005.wav,blues,,train,0
blues.00006,data/raw/gtzan/genres_original\blues\blues.00006.wav,blues,,train,0
blues.00007,data/raw/gtzan/genres_original\blues\blues.00007.wav,blues,,val,0
blues.00008,data/raw/gtzan/genres_original\blues\blues.00008.wav,blues,,train,0
blues.00009,data/raw/gtzan/genres_original\blues\blues.00009.wav,blues,,train,0
blues.00010,data/raw/gtzan/genres_original\blues\blues.00010.wav,blues,,train,0
blues.00011,data/raw/gtzan/genres_original\blues\blues.00011.wav,blues,,train,0
blues.00012,data/raw/gtzan/genres_original\blues\blues.00012.wav,blues,,train,0
blues.00013,data/raw/gtzan/genres_original\blues\blues.00013.wav,blues,,train,0
blues.00014,data/raw/gtzan/genres_original\blues\blues.00014.wav,blues,,train,0
blues.00015,data/raw/gtzan/genres_original\blues\blues.00015.wav,blues,,train,0
blues.00016,data/raw/gtzan/genres_original\blues\blues.00016.wav,blues,,train,0
blues.00017,data/raw/gtzan/genres_original\blues\blues.00017.wav,blues,,train,0
blues.00018,data/raw/gtzan/genres_original\blues\blues.00018.wav,blues,,test,0
blues.00019,data/raw/gtzan/genres_original\blues\blues.00019.wav,blues,,train,0
blues.00020,data/raw/gtzan/genres_original\blues\blues.00020.wav,blues,,train,0
blues.00021,data/raw/gtzan/genres_original\blues\blues.00021.wav,blues,,test,0
blues.00022,data/raw/gtzan/genres_original\blues\blues.00022.wav,blues,,train,0
blues.00023,data/raw/gtzan/genres_original\blues\blues.00023.wav,blues,,train,0
blues.00024,data/raw/gtzan/genres_original\blues\blues.00024.wav,blues,,test,0
blues.00025,data/raw/gtzan/genres_original\blues\blues.00025.wav,blues,,test,0
blues.00026,data/raw/gtzan/genres_original\blues\blues.00026.wav,blues,,val,0
blues.00027,data/raw/gtzan/genres_original\blues\blues.00027.wav,blues,,test,0
blues.00028,data/raw/gtzan/genres_original\blues\blues.00028.wav,blues,,val,0
blues.00029,data/raw/gtzan/genres_original\blues\blues.00029.wav,blues,,train,0
blues.00030,data/raw/gtzan/genres_original\blues\blues.00030.wav,blues,,train,0
blues.00031,data/raw/gtzan/genres_original\blues\blues.00031.wav,blues,,train,0
blues.00032,data/raw/gtzan/genres_original\blues\blues.00032.wav,blues,,train,0
blues.00033,data/raw/gtzan/genres_original\blues\blues.00033.wav,blues,,test,0
blues.00034,data/raw/gtzan/genres_original\blues\blues.00034.wav,blues,,train,0
blues.00035,data/raw/gtzan/genres_original\blues\blues.00035.wav,blues,,train,0
blues.00036,data/raw/gtzan/genres_original\blues\blues.00036.wav,blues,,train,0
blues.00037,data/raw/gtzan/genres_original\blues\blues.00037.wav,blues,,val,0
blues.00038,data/raw/gtzan/genres_original\blues\blues.00038.wav,blues,,train,0
blues.00039,data/raw/gtzan/genres_original\blues\blues.00039.wav,blues,,train,0
blues.00040,data/raw/gtzan/genres_original\blues\blues.00040.wav,blues,,train,0
blues.00041,data/raw/gtzan/genres_original\blues\blues.00041.wav,blues,,train,0
blues.00042,data/raw/gtzan/genres_original\blues\blues.00042.wav,blues,,test,0
blues.00043,data/raw/gtzan/genres_original\blues\blues.00043.wav,blues,,train,0
blues.00044,data/raw/gtzan/genres_original\blues\blues.00044.wav,blues,,train,0
blues.00045,data/raw/gtzan/genres_original\blues\blues.00045.wav,blues,,train,0
blues.00046,data/raw/gtzan/genres_original\blues\blues.00046.wav,blues,,train,0
blues.00047,data/raw/gtzan/genres_original\blues\blues.00047.wav,blues,,train,0
blues.00048,data/raw/gtzan/genres_original\blues\blues.00048.wav,blues,,train,0
blues.00049,data/raw/gtzan/genres_original\blues\blues.00049.wav,blues,,train,0
blues.00050,data/raw/gtzan/genres_original\blues\blues.00050.wav,blues,,test,0
blues.00051,data/raw/gtzan/genres_original\blues\blues.00051.wav,blues,,val,0
blues.00052,data/raw/gtzan/genres_original\blues\blues.00052.wav,blues,,test,0
blues.00053,data/raw/gtzan/genres_original\blues\blues.00053.wav,blues,,train,0
blues.00054,data/raw/gtzan/genres_original\blues\blues.00054.wav,blues,,train,0
blues.00055,data/raw/gtzan/genres_original\blues\blues.00055.wav,blues,,train,0
blues.00056,data/raw/gtzan/genres_original\blues\blues.00056.wav,blues,,test,0
blues.00057,data/raw/gtzan/genres_original\blues\blues.00057.wav,blues,,val,0
blues.00058,data/raw/gtzan/genres_original\blues\blues.00058.wav,blues,,train,0
blues.00059,data/raw/gtzan/genres_original\blues\blues.00059.wav,blues,,test,0
blues.00060,data/raw/gtzan/genres_original\blues\blues.00060.wav,blues,,train,0
blues.00061,data/raw/gtzan/genres_original\blues\blues.00061.wav,blues,,val,0
blues.00062,data/raw/gtzan/genres_original\blues\blues.00062.wav,blues,,train,0
blues.00063,data/raw/gtzan/genres_original\blues\blues.00063.wav,blues,,train,0
blues.00064,data/raw/gtzan/genres_original\blues\blues.00064.wav,blues,,train,0
blues.00065,data/raw/gtzan/genres_original\blues\blues.00065.wav,blues,,train,0
blues.00066,data/raw/gtzan/genres_original\blues\blues.00066.wav,blues,,train,0
blues.00067,data/raw/gtzan/genres_original\blues\blues.00067.wav,blues,,train,0
blues.00068,data/raw/gtzan/genres_original\blues\blues.00068.wav,blues,,train,0
blues.00069,data/raw/gtzan/genres_original\blues\blues.00069.wav,blues,,train,0
blues.00070,data/raw/gtzan/genres_original\blues\blues.00070.wav,blues,,train,0
blues.00071,data/raw/gtzan/genres_original\blues\blues.00071.wav,blues,,test,0
blues.00072,data/raw/gtzan/genres_original\blues\blues.00072.wav,blues,,train,0
blues.00073,data/raw/gtzan/genres_original\blues\blues.00073.wav,blues,,train,0
blues.00074,data/raw/gtzan/genres_original\blues\blues.00074.wav,blues,,train,0
blues.00075,data/raw/gtzan/genres_original\blues\blues.00075.wav,blues,,train,0
blues.00076,data/raw/gtzan/genres_original\blues\blues.00076.wav,blues,,val,0
blues.00077,data/raw/gtzan/genres_original\blues\blues.00077.wav,blues,,train,0
blues.00078,data/raw/gtzan/genres_original\blues\blues.00078.wav,blues,,val,0
blues.00079,data/raw/gtzan/genres_original\blues\blues.00079.wav,blues,,val,0
blues.00080,data/raw/gtzan/genres_original\blues\blues.00080.wav,blues,,val,0
blues.00081,data/raw/gtzan/genres_original\blues\blues.00081.wav,blues,,test,0
blues.00082,data/raw/gtzan/genres_original\blues\blues.00082.wav,blues,,train,0
blues.00083,data/raw/gtzan/genres_original\blues\blues.00083.wav,blues,,train,0
blues.00084,data/raw/gtzan/genres_original\blues\blues.00084.wav,blues,,train,0
blues.00085,data/raw/gtzan/genres_original\blues\blues.00085.wav,blues,,train,0
blues.00086,data/raw/gtzan/genres_original\blues\blues.00086.wav,blues,,train,0
blues.00087,data/raw/gtzan/genres_original\blues\blues.00087.wav,blues,,train,0
blues.00088,data/raw/gtzan/genres_original\blues\blues.00088.wav,blues,,train,0
blues.00089,data/raw/gtzan/genres_original\blues\blues.00089.wav,blues,,train,0
blues.00090,data/raw/gtzan/genres_original\blues\blues.00090.wav,blues,,train,0
blues.00091,data/raw/gtzan/genres_original\blues\blues.00091.wav,blues,,train,0
blues.00092,data/raw/gtzan/genres_original\blues\blues.00092.wav,blues,,test,0
blues.00093,data/raw/gtzan/genres_original\blues\blues.00093.wav,blues,,train,0
blues.00094,data/raw/gtzan/genres_original\blues\blues.00094.wav,blues,,val,0
blues.00095,data/raw/gtzan/genres_original\blues\blues.00095.wav,blues,,train,0
blues.00096,data/raw/gtzan/genres_original\blues\blues.00096.wav,blues,,train,0
blues.00097,data/raw/gtzan/genres_original\blues\blues.00097.wav,blues,,val,0
blues.00098,data/raw/gtzan/genres_original\blues\blues.00098.wav,blues,,train,0
blues.00099,data/raw/gtzan/genres_original\blues\blues.00099.wav,blues,,val,0
classical.00000,data/raw/gtzan/genres_original\classical\classical.00000.wav,classical,,train,1
classical.00001,data/raw/gtzan/genres_original\classical\classical.00001.wav,classical,,train,1
classical.00002,data/raw/gtzan/genres_original\classical\classical.00002.wav,classical,,train,1
classical.00003,data/raw/gtzan/genres_original\classical\classical.00003.wav,classical,,train,1
classical.00004,data/raw/gtzan/genres_original\classical\classical.00004.wav,classical,,train,1
classical.00005,data/raw/gtzan/genres_original\classical\classical.00005.wav,classical,,train,1
classical.00006,data/raw/gtzan/genres_original\classical\classical.00006.wav,classical,,test,1
classical.00007,data/raw/gtzan/genres_original\classical\classical.00007.wav,classical,,test,1
classical.00008,data/raw/gtzan/genres_original\classical\classical.00008.wav,classical,,train,1
classical.00009,data/raw/gtzan/genres_original\classical\classical.00009.wav,classical,,train,1
classical.00010,data/raw/gtzan/genres_original\classical\classical.00010.wav,classical,,train,1
classical.00011,data/raw/gtzan/genres_original\classical\classical.00011.wav,classical,,train,1
classical.00012,data/raw/gtzan/genres_original\classical\classical.00012.wav,classical,,train,1
classical.00013,data/raw/gtzan/genres_original\classical\classical.00013.wav,classical,,train,1
classical.00014,data/raw/gtzan/genres_original\classical\classical.00014.wav,classical,,train,1
classical.00015,data/raw/gtzan/genres_original\classical\classical.00015.wav,classical,,val,1
classical.00016,data/raw/gtzan/genres_original\classical\classical.00016.wav,classical,,val,1
classical.00017,data/raw/gtzan/genres_original\classical\classical.00017.wav,classical,,train,1
classical.00018,data/raw/gtzan/genres_original\classical\classical.00018.wav,classical,,val,1
classical.00019,data/raw/gtzan/genres_original\classical\classical.00019.wav,classical,,train,1
classical.00020,data/raw/gtzan/genres_original\classical\classical.00020.wav,classical,,test,1
classical.00021,data/raw/gtzan/genres_original\classical\classical.00021.wav,classical,,train,1
classical.00022,data/raw/gtzan/genres_original\classical\classical.00022.wav,classical,,train,1
classical.00023,data/raw/gtzan/genres_original\classical\classical.00023.wav,classical,,train,1
classical.00024,data/raw/gtzan/genres_original\classical\classical.00024.wav,classical,,test,1
classical.00025,data/raw/gtzan/genres_original\classical\classical.00025.wav,classical,,val,1
classical.00026,data/raw/gtzan/genres_original\classical\classical.00026.wav,classical,,test,1
classical.00027,data/raw/gtzan/genres_original\classical\classical.00027.wav,classical,,train,1
classical.00028,data/raw/gtzan/genres_original\classical\classical.00028.wav,classical,,train,1
classical.00029,data/raw/gtzan/genres_original\classical\classical.00029.wav,classical,,train,1
classical.00030,data/raw/gtzan/genres_original\classical\classical.00030.wav,classical,,train,1
classical.00031,data/raw/gtzan/genres_original\classical\classical.00031.wav,classical,,train,1
classical.00032,data/raw/gtzan/genres_original\classical\classical.00032.wav,classical,,train,1
classical.00033,data/raw/gtzan/genres_original\classical\classical.00033.wav,classical,,train,1
classical.00034,data/raw/gtzan/genres_original\classical\classical.00034.wav,classical,,test,1
classical.00035,data/raw/gtzan/genres_original\classical\classical.00035.wav,classical,,train,1
classical.00036,data/raw/gtzan/genres_original\classical\classical.00036.wav,classical,,val,1
classical.00037,data/raw/gtzan/genres_original\classical\classical.00037.wav,classical,,val,1
classical.00038,data/raw/gtzan/genres_original\classical\classical.00038.wav,classical,,test,1
classical.00039,data/raw/gtzan/genres_original\classical\classical.00039.wav,classical,,train,1
classical.00040,data/raw/gtzan/genres_original\classical\classical.00040.wav,classical,,test,1
classical.00041,data/raw/gtzan/genres_original\classical\classical.00041.wav,classical,,test,1
classical.00042,data/raw/gtzan/genres_original\classical\classical.00042.wav,classical,,test,1
classical.00043,data/raw/gtzan/genres_original\classical\classical.00043.wav,classical,,val,1
classical.00044,data/raw/gtzan/genres_original\classical\classical.00044.wav,classical,,train,1
classical.00045,data/raw/gtzan/genres_original\classical\classical.00045.wav,classical,,test,1
classical.00046,data/raw/gtzan/genres_original\classical\classical.00046.wav,classical,,test,1
classical.00047,data/raw/gtzan/genres_original\classical\classical.00047.wav,classical,,val,1
classical.00048,data/raw/gtzan/genres_original\classical\classical.00048.wav,classical,,train,1
classical.00049,data/raw/gtzan/genres_original\classical\classical.00049.wav,classical,,train,1
classical.00050,data/raw/gtzan/genres_original\classical\classical.00050.wav,classical,,val,1
classical.00051,data/raw/gtzan/genres_original\classical\classical.00051.wav,classical,,train,1
classical.00052,data/raw/gtzan/genres_original\classical\classical.00052.wav,classical,,train,1
classical.00053,data/raw/gtzan/genres_original\classical\classical.00053.wav,classical,,val,1
classical.00054,data/raw/gtzan/genres_original\classical\classical.00054.wav,classical,,train,1
classical.00055,data/raw/gtzan/genres_original\classical\classical.00055.wav,classical,,train,1
classical.00056,data/raw/gtzan/genres_original\classical\classical.00056.wav,classical,,test,1
classical.00057,data/raw/gtzan/genres_original\classical\classical.00057.wav,classical,,val,1
classical.00058,data/raw/gtzan/genres_original\classical\classical.00058.wav,classical,,train,1
classical.00059,data/raw/gtzan/genres_original\classical\classical.00059.wav,classical,,train,1
classical.00060,data/raw/gtzan/genres_original\classical\classical.00060.wav,classical,,train,1
classical.00061,data/raw/gtzan/genres_original\classical\classical.00061.wav,classical,,train,1
classical.00062,data/raw/gtzan/genres_original\classical\classical.00062.wav,classical,,train,1
classical.00063,data/raw/gtzan/genres_original\classical\classical.00063.wav,classical,,test,1
classical.00064,data/raw/gtzan/genres_original\classical\classical.00064.wav,classical,,train,1
classical.00065,data/raw/gtzan/genres_original\classical\classical.00065.wav,classical,,train,1
classical.00066,data/raw/gtzan/genres_original\classical\classical.00066.wav,classical,,train,1
classical.00067,data/raw/gtzan/genres_original\classical\classical.00067.wav,classical,,train,1
classical.00068,data/raw/gtzan/genres_original\classical\classical.00068.wav,classical,,train,1
classical.00069,data/raw/gtzan/genres_original\classical\classical.00069.wav,classical,,val,1
classical.00070,data/raw/gtzan/genres_original\classical\classical.00070.wav,classical,,train,1
classical.00071,data/raw/gtzan/genres_original\classical\classical.00071.wav,classical,,train,1
classical.00072,data/raw/gtzan/genres_original\classical\classical.00072.wav,classical,,val,1
classical.00073,data/raw/gtzan/genres_original\classical\classical.00073.wav,classical,,train,1
classical.00074,data/raw/gtzan/genres_original\classical\classical.00074.wav,classical,,train,1
classical.00075,data/raw/gtzan/genres_original\classical\classical.00075.wav,classical,,train,1
classical.00076,data/raw/gtzan/genres_original\classical\classical.00076.wav,classical,,train,1
classical.00077,data/raw/gtzan/genres_original\classical\classical.00077.wav,classical,,train,1
classical.00078,data/raw/gtzan/genres_original\classical\classical.00078.wav,classical,,train,1
classical.00079,data/raw/gtzan/genres_original\classical\classical.00079.wav,classical,,test,1
classical.00080,data/raw/gtzan/genres_original\classical\classical.00080.wav,classical,,train,1
classical.00081,data/raw/gtzan/genres_original\classical\classical.00081.wav,classical,,train,1
classical.00082,data/raw/gtzan/genres_original\classical\classical.00082.wav,classical,,train,1
classical.00083,data/raw/gtzan/genres_original\classical\classical.00083.wav,classical,,train,1
classical.00084,data/raw/gtzan/genres_original\classical\classical.00084.wav,classical,,train,1
classical.00085,data/raw/gtzan/genres_original\classical\classical.00085.wav,classical,,train,1
classical.00086,data/raw/gtzan/genres_original\classical\classical.00086.wav,classical,,train,1
classical.00087,data/raw/gtzan/genres_original\classical\classical.00087.wav,classical,,train,1
classical.00088,data/raw/gtzan/genres_original\classical\classical.00088.wav,classical,,train,1
classical.00089,data/raw/gtzan/genres_original\classical\classical.00089.wav,classical,,train,1
classical.00090,data/raw/gtzan/genres_original\classical\classical.00090.wav,classical,,train,1
classical.00091,data/raw/gtzan/genres_original\classical\classical.00091.wav,classical,,train,1
classical.00092,data/raw/gtzan/genres_original\classical\classical.00092.wav,classical,,train,1
classical.00093,data/raw/gtzan/genres_original\classical\classical.00093.wav,classical,,train,1
classical.00094,data/raw/gtzan/genres_original\classical\classical.00094.wav,classical,,train,1
classical.00095,data/raw/gtzan/genres_original\classical\classical.00095.wav,classical,,val,1
classical.00096,data/raw/gtzan/genres_original\classical\classical.00096.wav,classical,,train,1
classical.00097,data/raw/gtzan/genres_original\classical\classical.00097.wav,classical,,val,1
classical.00098,data/raw/gtzan/genres_original\classical\classical.00098.wav,classical,,train,1
classical.00099,data/raw/gtzan/genres_original\classical\classical.00099.wav,classical,,train,1
country.00000,data/raw/gtzan/genres_original\country\country.00000.wav,country,,val,2
country.00001,data/raw/gtzan/genres_original\country\country.00001.wav,country,,train,2
country.00002,data/raw/gtzan/genres_original\country\country.00002.wav,country,,train,2
country.00003,data/raw/gtzan/genres_original\country\country.00003.wav,country,,train,2
country.00004,data/raw/gtzan/genres_original\country\country.00004.wav,country,,train,2
country.00005,data/raw/gtzan/genres_original\country\country.00005.wav,country,,test,2
country.00006,data/raw/gtzan/genres_original\country\country.00006.wav,country,,train,2
country.00007,data/raw/gtzan/genres_original\country\country.00007.wav,country,,train,2
country.00008,data/raw/gtzan/genres_original\country\country.00008.wav,country,,train,2
country.00009,data/raw/gtzan/genres_original\country\country.00009.wav,country,,train,2
country.00010,data/raw/gtzan/genres_original\country\country.00010.wav,country,,val,2
country.00011,data/raw/gtzan/genres_original\country\country.00011.wav,country,,test,2
country.00012,data/raw/gtzan/genres_original\country\country.00012.wav,country,,train,2
country.00013,data/raw/gtzan/genres_original\country\country.00013.wav,country,,train,2
country.00014,data/raw/gtzan/genres_original\country\country.00014.wav,country,,train,2
country.00015,data/raw/gtzan/genres_original\country\country.00015.wav,country,,val,2
country.00016,data/raw/gtzan/genres_original\country\country.00016.wav,country,,test,2
country.00017,data/raw/gtzan/genres_original\country\country.00017.wav,country,,train,2
country.00018,data/raw/gtzan/genres_original\country\country.00018.wav,country,,train,2
country.00019,data/raw/gtzan/genres_original\country\country.00019.wav,country,,test,2
country.00020,data/raw/gtzan/genres_original\country\country.00020.wav,country,,train,2
country.00021,data/raw/gtzan/genres_original\country\country.00021.wav,country,,train,2
country.00022,data/raw/gtzan/genres_original\country\country.00022.wav,country,,val,2
country.00023,data/raw/gtzan/genres_original\country\country.00023.wav,country,,train,2
country.00024,data/raw/gtzan/genres_original\country\country.00024.wav,country,,train,2
country.00025,data/raw/gtzan/genres_original\country\country.00025.wav,country,,train,2
country.00026,data/raw/gtzan/genres_original\country\country.00026.wav,country,,test,2
country.00027,data/raw/gtzan/genres_original\country\country.00027.wav,country,,train,2
country.00028,data/raw/gtzan/genres_original\country\country.00028.wav,country,,train,2
country.00029,data/raw/gtzan/genres_original\country\country.00029.wav,country,,train,2
country.00030,data/raw/gtzan/genres_original\country\country.00030.wav,country,,train,2
country.00031,data/raw/gtzan/genres_original\country\country.00031.wav,country,,train,2
country.00032,data/raw/gtzan/genres_original\country\country.00032.wav,country,,train,2
country.00033,data/raw/gtzan/genres_original\country\country.00033.wav,country,,test,2
country.00034,data/raw/gtzan/genres_original\country\country.00034.wav,country,,train,2
country.00035,data/raw/gtzan/genres_original\country\country.00035.wav,country,,train,2
country.00036,data/raw/gtzan/genres_original\country\country.00036.wav,country,,val,2
country.00037,data/raw/gtzan/genres_original\country\country.00037.wav,country,,train,2
country.00038,data/raw/gtzan/genres_original\country\country.00038.wav,country,,train,2
country.00039,data/raw/gtzan/genres_original\country\country.00039.wav,country,,val,2
country.00040,data/raw/gtzan/genres_original\country\country.00040.wav,country,,train,2
country.00041,data/raw/gtzan/genres_original\country\country.00041.wav,country,,train,2
country.00042,data/raw/gtzan/genres_original\country\country.00042.wav,country,,train,2
country.00043,data/raw/gtzan/genres_original\country\country.00043.wav,country,,train,2
country.00044,data/raw/gtzan/genres_original\country\country.00044.wav,country,,train,2
country.00045,data/raw/gtzan/genres_original\country\country.00045.wav,country,,train,2
country.00046,data/raw/gtzan/genres_original\country\country.00046.wav,country,,test,2
country.00047,data/raw/gtzan/genres_original\country\country.00047.wav,country,,train,2
country.00048,data/raw/gtzan/genres_original\country\country.00048.wav,country,,train,2
country.00049,data/raw/gtzan/genres_original\country\country.00049.wav,country,,train,2
country.00050,data/raw/gtzan/genres_original\country\country.00050.wav,country,,train,2
country.00051,data/raw/gtzan/genres_original\country\country.00051.wav,country,,val,2
country.00052,data/raw/gtzan/genres_original\country\country.00052.wav,country,,train,2
country.00053,data/raw/gtzan/genres_original\country\country.00053.wav,country,,train,2
country.00054,data/raw/gtzan/genres_original\country\country.00054.wav,country,,train,2
country.00055,data/raw/gtzan/genres_original\country\country.00055.wav,country,,train,2
country.00056,data/raw/gtzan/genres_original\country\country.00056.wav,country,,train,2
country.00057,data/raw/gtzan/genres_original\country\country.00057.wav,country,,train,2
country.00058,data/raw/gtzan/genres_original\country\country.00058.wav,country,,train,2
country.00059,data/raw/gtzan/genres_original\country\country.00059.wav,country,,val,2
country.00060,data/raw/gtzan/genres_original\country\country.00060.wav,country,,train,2
country.00061,data/raw/gtzan/genres_original\country\country.00061.wav,country,,test,2
country.00062,data/raw/gtzan/genres_original\country\country.00062.wav,country,,train,2
country.00063,data/raw/gtzan/genres_original\country\country.00063.wav,country,,train,2
country.00064,data/raw/gtzan/genres_original\country\country.00064.wav,country,,val,2
country.00065,data/raw/gtzan/genres_original\country\country.00065.wav,country,,train,2
country.00066,data/raw/gtzan/genres_original\country\country.00066.wav,country,,train,2
country.00067,data/raw/gtzan/genres_original\country\country.00067.wav,country,,train,2
country.00068,data/raw/gtzan/genres_original\country\country.00068.wav,country,,train,2
country.00069,data/raw/gtzan/genres_original\country\country.00069.wav,country,,test,2
country.00070,data/raw/gtzan/genres_original\country\country.00070.wav,country,,train,2
country.00071,data/raw/gtzan/genres_original\country\country.00071.wav,country,,val,2
country.00072,data/raw/gtzan/genres_original\country\country.00072.wav,country,,train,2
country.00073,data/raw/gtzan/genres_original\country\country.00073.wav,country,,train,2
country.00074,data/raw/gtzan/genres_original\country\country.00074.wav,country,,test,2
country.00075,data/raw/gtzan/genres_original\country\country.00075.wav,country,,train,2
country.00076,data/raw/gtzan/genres_original\country\country.00076.wav,country,,train,2
country.00077,data/raw/gtzan/genres_original\country\country.00077.wav,country,,val,2
country.00078,data/raw/gtzan/genres_original\country\country.00078.wav,country,,train,2
country.00079,data/raw/gtzan/genres_original\country\country.00079.wav,country,,test,2
country.00080,data/raw/gtzan/genres_original\country\country.00080.wav,country,,train,2
country.00081,data/raw/gtzan/genres_original\country\country.00081.wav,country,,train,2
country.00082,data/raw/gtzan/genres_original\country\country.00082.wav,country,,train,2
country.00083,data/raw/gtzan/genres_original\country\country.00083.wav,country,,val,2
country.00084,data/raw/gtzan/genres_original\country\country.00084.wav,country,,train,2
country.00085,data/raw/gtzan/genres_original\country\country.00085.wav,country,,train,2
country.00086,data/raw/gtzan/genres_original\country\country.00086.wav,country,,test,2
country.00087,data/raw/gtzan/genres_original\country\country.00087.wav,country,,train,2
country.00088,data/raw/gtzan/genres_original\country\country.00088.wav,country,,test,2
country.00089,data/raw/gtzan/genres_original\country\country.00089.wav,country,,train,2
country.00090,data/raw/gtzan/genres_original\country\country.00090.wav,country,,test,2
country.00091,data/raw/gtzan/genres_original\country\country.00091.wav,country,,test,2
country.00092,data/raw/gtzan/genres_original\country\country.00092.wav,country,,val,2
country.00093,data/raw/gtzan/genres_original\country\country.00093.wav,country,,train,2
country.00094,data/raw/gtzan/genres_original\country\country.00094.wav,country,,train,2
country.00095,data/raw/gtzan/genres_original\country\country.00095.wav,country,,train,2
country.00096,data/raw/gtzan/genres_original\country\country.00096.wav,country,,train,2
country.00097,data/raw/gtzan/genres_original\country\country.00097.wav,country,,train,2
country.00098,data/raw/gtzan/genres_original\country\country.00098.wav,country,,val,2
country.00099,data/raw/gtzan/genres_original\country\country.00099.wav,country,,val,2
disco.00000,data/raw/gtzan/genres_original\disco\disco.00000.wav,disco,,train,3
disco.00001,data/raw/gtzan/genres_original\disco\disco.00001.wav,disco,,test,3
disco.00002,data/raw/gtzan/genres_original\disco\disco.00002.wav,disco,,val,3
disco.00003,data/raw/gtzan/genres_original\disco\disco.00003.wav,disco,,train,3
disco.00004,data/raw/gtzan/genres_original\disco\disco.00004.wav,disco,,test,3
disco.00005,data/raw/gtzan/genres_original\disco\disco.00005.wav,disco,,train,3
disco.00006,data/raw/gtzan/genres_original\disco\disco.00006.wav,disco,,train,3
disco.00007,data/raw/gtzan/genres_original\disco\disco.00007.wav,disco,,train,3
disco.00008,data/raw/gtzan/genres_original\disco\disco.00008.wav,disco,,train,3
disco.00009,data/raw/gtzan/genres_original\disco\disco.00009.wav,disco,,val,3
disco.00010,data/raw/gtzan/genres_original\disco\disco.00010.wav,disco,,train,3
disco.00011,data/raw/gtzan/genres_original\disco\disco.00011.wav,disco,,train,3
disco.00012,data/raw/gtzan/genres_original\disco\disco.00012.wav,disco,,train,3
disco.00013,data/raw/gtzan/genres_original\disco\disco.00013.wav,disco,,val,3
disco.00014,data/raw/gtzan/genres_original\disco\disco.00014.wav,disco,,train,3
disco.00015,data/raw/gtzan/genres_original\disco\disco.00015.wav,disco,,test,3
disco.00016,data/raw/gtzan/genres_original\disco\disco.00016.wav,disco,,train,3
disco.00017,data/raw/gtzan/genres_original\disco\disco.00017.wav,disco,,train,3
disco.00018,data/raw/gtzan/genres_original\disco\disco.00018.wav,disco,,train,3
disco.00019,data/raw/gtzan/genres_original\disco\disco.00019.wav,disco,,train,3
disco.00020,data/raw/gtzan/genres_original\disco\disco.00020.wav,disco,,test,3
disco.00021,data/raw/gtzan/genres_original\disco\disco.00021.wav,disco,,train,3
disco.00022,data/raw/gtzan/genres_original\disco\disco.00022.wav,disco,,train,3
disco.00023,data/raw/gtzan/genres_original\disco\disco.00023.wav,disco,,val,3
disco.00024,data/raw/gtzan/genres_original\disco\disco.00024.wav,disco,,train,3
disco.00025,data/raw/gtzan/genres_original\disco\disco.00025.wav,disco,,val,3
disco.00026,data/raw/gtzan/genres_original\disco\disco.00026.wav,disco,,test,3
disco.00027,data/raw/gtzan/genres_original\disco\disco.00027.wav,disco,,train,3
disco.00028,data/raw/gtzan/genres_original\disco\disco.00028.wav,disco,,test,3
disco.00029,data/raw/gtzan/genres_original\disco\disco.00029.wav,disco,,train,3
disco.00030,data/raw/gtzan/genres_original\disco\disco.00030.wav,disco,,train,3
disco.00031,data/raw/gtzan/genres_original\disco\disco.00031.wav,disco,,train,3
disco.00032,data/raw/gtzan/genres_original\disco\disco.00032.wav,disco,,train,3
disco.00033,data/raw/gtzan/genres_original\disco\disco.00033.wav,disco,,train,3
disco.00034,data/raw/gtzan/genres_original\disco\disco.00034.wav,disco,,train,3
disco.00035,data/raw/gtzan/genres_original\disco\disco.00035.wav,disco,,train,3
disco.00036,data/raw/gtzan/genres_original\disco\disco.00036.wav,disco,,test,3
disco.00037,data/raw/gtzan/genres_original\disco\disco.00037.wav,disco,,train,3
disco.00038,data/raw/gtzan/genres_original\disco\disco.00038.wav,disco,,train,3
disco.00039,data/raw/gtzan/genres_original\disco\disco.00039.wav,disco,,train,3
disco.00040,data/raw/gtzan/genres_original\disco\disco.00040.wav,disco,,train,3
disco.00041,data/raw/gtzan/genres_original\disco\disco.00041.wav,disco,,train,3
disco.00042,data/raw/gtzan/genres_original\disco\disco.00042.wav,disco,,train,3
disco.00043,data/raw/gtzan/genres_original\disco\disco.00043.wav,disco,,test,3
disco.00044,data/raw/gtzan/genres_original\disco\disco.00044.wav,disco,,train,3
disco.00045,data/raw/gtzan/genres_original\disco\disco.00045.wav,disco,,val,3
disco.00046,data/raw/gtzan/genres_original\disco\disco.00046.wav,disco,,val,3
disco.00047,data/raw/gtzan/genres_original\disco\disco.00047.wav,disco,,train,3
disco.00048,data/raw/gtzan/genres_original\disco\disco.00048.wav,disco,,val,3
disco.00049,data/raw/gtzan/genres_original\disco\disco.00049.wav,disco,,test,3
disco.00050,data/raw/gtzan/genres_original\disco\disco.00050.wav,disco,,val,3
disco.00051,data/raw/gtzan/genres_original\disco\disco.00051.wav,disco,,val,3
disco.00052,data/raw/gtzan/genres_original\disco\disco.00052.wav,disco,,train,3
disco.00053,data/raw/gtzan/genres_original\disco\disco.00053.wav,disco,,train,3
disco.00054,data/raw/gtzan/genres_original\disco\disco.00054.wav,disco,,train,3
disco.00055,data/raw/gtzan/genres_original\disco\disco.00055.wav,disco,,train,3
disco.00056,data/raw/gtzan/genres_original\disco\disco.00056.wav,disco,,train,3
disco.00057,data/raw/gtzan/genres_original\disco\disco.00057.wav,disco,,train,3
disco.00058,data/raw/gtzan/genres_original\disco\disco.00058.wav,disco,,test,3
disco.00059,data/raw/gtzan/genres_original\disco\disco.00059.wav,disco,,train,3
disco.00060,data/raw/gtzan/genres_original\disco\disco.00060.wav,disco,,train,3
disco.00061,data/raw/gtzan/genres_original\disco\disco.00061.wav,disco,,train,3
disco.00062,data/raw/gtzan/genres_original\disco\disco.00062.wav,disco,,val,3
disco.00063,data/raw/gtzan/genres_original\disco\disco.00063.wav,disco,,test,3
disco.00064,data/raw/gtzan/genres_original\disco\disco.00064.wav,disco,,train,3
disco.00065,data/raw/gtzan/genres_original\disco\disco.00065.wav,disco,,train,3
disco.00066,data/raw/gtzan/genres_original\disco\disco.00066.wav,disco,,train,3
disco.00067,data/raw/gtzan/genres_original\disco\disco.00067.wav,disco,,val,3
disco.00068,data/raw/gtzan/genres_original\disco\disco.00068.wav,disco,,train,3
disco.00069,data/raw/gtzan/genres_original\disco\disco.00069.wav,disco,,train,3
disco.00070,data/raw/gtzan/genres_original\disco\disco.00070.wav,disco,,train,3
disco.00071,data/raw/gtzan/genres_original\disco\disco.00071.wav,disco,,train,3
disco.00072,data/raw/gtzan/genres_original\disco\disco.00072.wav,disco,,test,3
disco.00073,data/raw/gtzan/genres_original\disco\disco.00073.wav,disco,,train,3
disco.00074,data/raw/gtzan/genres_original\disco\disco.00074.wav,disco,,val,3
disco.00075,data/raw/gtzan/genres_original\disco\disco.00075.wav,disco,,train,3
disco.00076,data/raw/gtzan/genres_original\disco\disco.00076.wav,disco,,train,3
disco.00077,data/raw/gtzan/genres_original\disco\disco.00077.wav,disco,,train,3
disco.00078,data/raw/gtzan/genres_original\disco\disco.00078.wav,disco,,train,3
disco.00079,data/raw/gtzan/genres_original\disco\disco.00079.wav,disco,,test,3
disco.00080,data/raw/gtzan/genres_original\disco\disco.00080.wav,disco,,train,3
disco.00081,data/raw/gtzan/genres_original\disco\disco.00081.wav,disco,,train,3
disco.00082,data/raw/gtzan/genres_original\disco\disco.00082.wav,disco,,train,3
disco.00083,data/raw/gtzan/genres_original\disco\disco.00083.wav,disco,,train,3
disco.00084,data/raw/gtzan/genres_original\disco\disco.00084.wav,disco,,train,3
disco.00085,data/raw/gtzan/genres_original\disco\disco.00085.wav,disco,,test,3
disco.00086,data/raw/gtzan/genres_original\disco\disco.00086.wav,disco,,val,3
disco.00087,data/raw/gtzan/genres_original\disco\disco.00087.wav,disco,,train,3
disco.00088,data/raw/gtzan/genres_original\disco\disco.00088.wav,disco,,train,3
disco.00089,data/raw/gtzan/genres_original\disco\disco.00089.wav,disco,,test,3
disco.00090,data/raw/gtzan/genres_original\disco\disco.00090.wav,disco,,train,3
disco.00091,data/raw/gtzan/genres_original\disco\disco.00091.wav,disco,,val,3
disco.00092,data/raw/gtzan/genres_original\disco\disco.00092.wav,disco,,train,3
disco.00093,data/raw/gtzan/genres_original\disco\disco.00093.wav,disco,,train,3
disco.00094,data/raw/gtzan/genres_original\disco\disco.00094.wav,disco,,train,3
disco.00095,data/raw/gtzan/genres_original\disco\disco.00095.wav,disco,,train,3
disco.00096,data/raw/gtzan/genres_original\disco\disco.00096.wav,disco,,train,3
disco.00097,data/raw/gtzan/genres_original\disco\disco.00097.wav,disco,,train,3
disco.00098,data/raw/gtzan/genres_original\disco\disco.00098.wav,disco,,train,3
disco.00099,data/raw/gtzan/genres_original\disco\disco.00099.wav,disco,,train,3
hiphop.00000,data/raw/gtzan/genres_original\hiphop\hiphop.00000.wav,hiphop,,test,4
hiphop.00001,data/raw/gtzan/genres_original\hiphop\hiphop.00001.wav,hiphop,,train,4
hiphop.00002,data/raw/gtzan/genres_original\hiphop\hiphop.00002.wav,hiphop,,train,4
hiphop.00003,data/raw/gtzan/genres_original\hiphop\hiphop.00003.wav,hiphop,,test,4
hiphop.00004,data/raw/gtzan/genres_original\hiphop\hiphop.00004.wav,hiphop,,train,4
hiphop.00005,data/raw/gtzan/genres_original\hiphop\hiphop.00005.wav,hiphop,,train,4
hiphop.00006,data/raw/gtzan/genres_original\hiphop\hiphop.00006.wav,hiphop,,val,4
hiphop.00007,data/raw/gtzan/genres_original\hiphop\hiphop.00007.wav,hiphop,,test,4
hiphop.00008,data/raw/gtzan/genres_original\hiphop\hiphop.00008.wav,hiphop,,val,4
hiphop.00009,data/raw/gtzan/genres_original\hiphop\hiphop.00009.wav,hiphop,,test,4
hiphop.00010,data/raw/gtzan/genres_original\hiphop\hiphop.00010.wav,hiphop,,train,4
hiphop.00011,data/raw/gtzan/genres_original\hiphop\hiphop.00011.wav,hiphop,,train,4
hiphop.00012,data/raw/gtzan/genres_original\hiphop\hiphop.00012.wav,hiphop,,val,4
hiphop.00013,data/raw/gtzan/genres_original\hiphop\hiphop.00013.wav,hiphop,,test,4
hiphop.00014,data/raw/gtzan/genres_original\hiphop\hiphop.00014.wav,hiphop,,train,4
hiphop.00015,data/raw/gtzan/genres_original\hiphop\hiphop.00015.wav,hiphop,,test,4
hiphop.00016,data/raw/gtzan/genres_original\hiphop\hiphop.00016.wav,hiphop,,train,4
hiphop.00017,data/raw/gtzan/genres_original\hiphop\hiphop.00017.wav,hiphop,,train,4
hiphop.00018,data/raw/gtzan/genres_original\hiphop\hiphop.00018.wav,hiphop,,train,4
hiphop.00019,data/raw/gtzan/genres_original\hiphop\hiphop.00019.wav,hiphop,,test,4
hiphop.00020,data/raw/gtzan/genres_original\hiphop\hiphop.00020.wav,hiphop,,train,4
hiphop.00021,data/raw/gtzan/genres_original\hiphop\hiphop.00021.wav,hiphop,,train,4
hiphop.00022,data/raw/gtzan/genres_original\hiphop\hiphop.00022.wav,hiphop,,test,4
hiphop.00023,data/raw/gtzan/genres_original\hiphop\hiphop.00023.wav,hiphop,,test,4
hiphop.00024,data/raw/gtzan/genres_original\hiphop\hiphop.00024.wav,hiphop,,train,4
hiphop.00025,data/raw/gtzan/genres_original\hiphop\hiphop.00025.wav,hiphop,,train,4
hiphop.00026,data/raw/gtzan/genres_original\hiphop\hiphop.00026.wav,hiphop,,train,4
hiphop.00027,data/raw/gtzan/genres_original\hiphop\hiphop.00027.wav,hiphop,,train,4
hiphop.00028,data/raw/gtzan/genres_original\hiphop\hiphop.00028.wav,hiphop,,train,4
hiphop.00029,data/raw/gtzan/genres_original\hiphop\hiphop.00029.wav,hiphop,,test,4
hiphop.00030,data/raw/gtzan/genres_original\hiphop\hiphop.00030.wav,hiphop,,test,4
hiphop.00031,data/raw/gtzan/genres_original\hiphop\hiphop.00031.wav,hiphop,,train,4
hiphop.00032,data/raw/gtzan/genres_original\hiphop\hiphop.00032.wav,hiphop,,train,4
hiphop.00033,data/raw/gtzan/genres_original\hiphop\hiphop.00033.wav,hiphop,,train,4
hiphop.00034,data/raw/gtzan/genres_original\hiphop\hiphop.00034.wav,hiphop,,train,4
hiphop.00035,data/raw/gtzan/genres_original\hiphop\hiphop.00035.wav,hiphop,,train,4
hiphop.00036,data/raw/gtzan/genres_original\hiphop\hiphop.00036.wav,hiphop,,val,4
hiphop.00037,data/raw/gtzan/genres_original\hiphop\hiphop.00037.wav,hiphop,,train,4
hiphop.00038,data/raw/gtzan/genres_original\hiphop\hiphop.00038.wav,hiphop,,val,4
hiphop.00039,data/raw/gtzan/genres_original\hiphop\hiphop.00039.wav,hiphop,,train,4
hiphop.00040,data/raw/gtzan/genres_original\hiphop\hiphop.00040.wav,hiphop,,train,4
hiphop.00041,data/raw/gtzan/genres_original\hiphop\hiphop.00041.wav,hiphop,,train,4
hiphop.00042,data/raw/gtzan/genres_original\hiphop\hiphop.00042.wav,hiphop,,train,4
hiphop.00043,data/raw/gtzan/genres_original\hiphop\hiphop.00043.wav,hiphop,,train,4
hiphop.00044,data/raw/gtzan/genres_original\hiphop\hiphop.00044.wav,hiphop,,train,4
hiphop.00045,data/raw/gtzan/genres_original\hiphop\hiphop.00045.wav,hiphop,,train,4
hiphop.00046,data/raw/gtzan/genres_original\hiphop\hiphop.00046.wav,hiphop,,val,4
hiphop.00047,data/raw/gtzan/genres_original\hiphop\hiphop.00047.wav,hiphop,,train,4
hiphop.00048,data/raw/gtzan/genres_original\hiphop\hiphop.00048.wav,hiphop,,train,4
hiphop.00049,data/raw/gtzan/genres_original\hiphop\hiphop.00049.wav,hiphop,,train,4
hiphop.00050,data/raw/gtzan/genres_original\hiphop\hiphop.00050.wav,hiphop,,train,4
hiphop.00051,data/raw/gtzan/genres_original\hiphop\hiphop.00051.wav,hiphop,,train,4
hiphop.00052,data/raw/gtzan/genres_original\hiphop\hiphop.00052.wav,hiphop,,val,4
hiphop.00053,data/raw/gtzan/genres_original\hiphop\hiphop.00053.wav,hiphop,,train,4
hiphop.00054,data/raw/gtzan/genres_original\hiphop\hiphop.00054.wav,hiphop,,train,4
hiphop.00055,data/raw/gtzan/genres_original\hiphop\hiphop.00055.wav,hiphop,,train,4
hiphop.00056,data/raw/gtzan/genres_original\hiphop\hiphop.00056.wav,hiphop,,train,4
hiphop.00057,data/raw/gtzan/genres_original\hiphop\hiphop.00057.wav,hiphop,,test,4
hiphop.00058,data/raw/gtzan/genres_original\hiphop\hiphop.00058.wav,hiphop,,train,4
hiphop.00059,data/raw/gtzan/genres_original\hiphop\hiphop.00059.wav,hiphop,,train,4
hiphop.00060,data/raw/gtzan/genres_original\hiphop\hiphop.00060.wav,hiphop,,val,4
hiphop.00061,data/raw/gtzan/genres_original\hiphop\hiphop.00061.wav,hiphop,,train,4
hiphop.00062,data/raw/gtzan/genres_original\hiphop\hiphop.00062.wav,hiphop,,test,4
hiphop.00063,data/raw/gtzan/genres_original\hiphop\hiphop.00063.wav,hiphop,,val,4
hiphop.00064,data/raw/gtzan/genres_original\hiphop\hiphop.00064.wav,hiphop,,train,4
hiphop.00065,data/raw/gtzan/genres_original\hiphop\hiphop.00065.wav,hiphop,,val,4
hiphop.00066,data/raw/gtzan/genres_original\hiphop\hiphop.00066.wav,hiphop,,val,4
hiphop.00067,data/raw/gtzan/genres_original\hiphop\hiphop.00067.wav,hiphop,,train,4
hiphop.00068,data/raw/gtzan/genres_original\hiphop\hiphop.00068.wav,hiphop,,train,4
hiphop.00069,data/raw/gtzan/genres_original\hiphop\hiphop.00069.wav,hiphop,,train,4
hiphop.00070,data/raw/gtzan/genres_original\hiphop\hiphop.00070.wav,hiphop,,train,4
hiphop.00071,data/raw/gtzan/genres_original\hiphop\hiphop.00071.wav,hiphop,,test,4
hiphop.00072,data/raw/gtzan/genres_original\hiphop\hiphop.00072.wav,hiphop,,train,4
hiphop.00073,data/raw/gtzan/genres_original\hiphop\hiphop.00073.wav,hiphop,,train,4
hiphop.00074,data/raw/gtzan/genres_original\hiphop\hiphop.00074.wav,hiphop,,train,4
hiphop.00075,data/raw/gtzan/genres_original\hiphop\hiphop.00075.wav,hiphop,,train,4
hiphop.00076,data/raw/gtzan/genres_original\hiphop\hiphop.00076.wav,hiphop,,train,4
hiphop.00077,data/raw/gtzan/genres_original\hiphop\hiphop.00077.wav,hiphop,,train,4
hiphop.00078,data/raw/gtzan/genres_original\hiphop\hiphop.00078.wav,hiphop,,train,4
hiphop.00079,data/raw/gtzan/genres_original\hiphop\hiphop.00079.wav,hiphop,,train,4
hiphop.00080,data/raw/gtzan/genres_original\hiphop\hiphop.00080.wav,hiphop,,train,4
hiphop.00081,data/raw/gtzan/genres_original\hiphop\hiphop.00081.wav,hiphop,,train,4
hiphop.00082,data/raw/gtzan/genres_original\hiphop\hiphop.00082.wav,hiphop,,test,4
hiphop.00083,data/raw/gtzan/genres_original\hiphop\hiphop.00083.wav,hiphop,,val,4
hiphop.00084,data/raw/gtzan/genres_original\hiphop\hiphop.00084.wav,hiphop,,train,4
hiphop.00085,data/raw/gtzan/genres_original\hiphop\hiphop.00085.wav,hiphop,,train,4
hiphop.00086,data/raw/gtzan/genres_original\hiphop\hiphop.00086.wav,hiphop,,train,4
hiphop.00087,data/raw/gtzan/genres_original\hiphop\hiphop.00087.wav,hiphop,,train,4
hiphop.00088,data/raw/gtzan/genres_original\hiphop\hiphop.00088.wav,hiphop,,train,4
hiphop.00089,data/raw/gtzan/genres_original\hiphop\hiphop.00089.wav,hiphop,,train,4
hiphop.00090,data/raw/gtzan/genres_original\hiphop\hiphop.00090.wav,hiphop,,val,4
hiphop.00091,data/raw/gtzan/genres_original\hiphop\hiphop.00091.wav,hiphop,,train,4
hiphop.00092,data/raw/gtzan/genres_original\hiphop\hiphop.00092.wav,hiphop,,train,4
hiphop.00093,data/raw/gtzan/genres_original\hiphop\hiphop.00093.wav,hiphop,,val,4
hiphop.00094,data/raw/gtzan/genres_original\hiphop\hiphop.00094.wav,hiphop,,train,4
hiphop.00095,data/raw/gtzan/genres_original\hiphop\hiphop.00095.wav,hiphop,,train,4
hiphop.00096,data/raw/gtzan/genres_original\hiphop\hiphop.00096.wav,hiphop,,val,4
hiphop.00097,data/raw/gtzan/genres_original\hiphop\hiphop.00097.wav,hiphop,,train,4
hiphop.00098,data/raw/gtzan/genres_original\hiphop\hiphop.00098.wav,hiphop,,train,4
hiphop.00099,data/raw/gtzan/genres_original\hiphop\hiphop.00099.wav,hiphop,,train,4
jazz.00000,data/raw/gtzan/genres_original\jazz\jazz.00000.wav,jazz,,train,5
jazz.00001,data/raw/gtzan/genres_original\jazz\jazz.00001.wav,jazz,,val,5
jazz.00002,data/raw/gtzan/genres_original\jazz\jazz.00002.wav,jazz,,train,5
jazz.00003,data/raw/gtzan/genres_original\jazz\jazz.00003.wav,jazz,,train,5
jazz.00004,data/raw/gtzan/genres_original\jazz\jazz.00004.wav,jazz,,train,5
jazz.00005,data/raw/gtzan/genres_original\jazz\jazz.00005.wav,jazz,,test,5
jazz.00006,data/raw/gtzan/genres_original\jazz\jazz.00006.wav,jazz,,test,5
jazz.00007,data/raw/gtzan/genres_original\jazz\jazz.00007.wav,jazz,,train,5
jazz.00008,data/raw/gtzan/genres_original\jazz\jazz.00008.wav,jazz,,train,5
jazz.00009,data/raw/gtzan/genres_original\jazz\jazz.00009.wav,jazz,,train,5
jazz.00010,data/raw/gtzan/genres_original\jazz\jazz.00010.wav,jazz,,train,5
jazz.00011,data/raw/gtzan/genres_original\jazz\jazz.00011.wav,jazz,,test,5
jazz.00012,data/raw/gtzan/genres_original\jazz\jazz.00012.wav,jazz,,val,5
jazz.00013,data/raw/gtzan/genres_original\jazz\jazz.00013.wav,jazz,,train,5
jazz.00014,data/raw/gtzan/genres_original\jazz\jazz.00014.wav,jazz,,test,5
jazz.00015,data/raw/gtzan/genres_original\jazz\jazz.00015.wav,jazz,,train,5
jazz.00016,data/raw/gtzan/genres_original\jazz\jazz.00016.wav,jazz,,train,5
jazz.00017,data/raw/gtzan/genres_original\jazz\jazz.00017.wav,jazz,,train,5
jazz.00018,data/raw/gtzan/genres_original\jazz\jazz.00018.wav,jazz,,val,5
jazz.00019,data/raw/gtzan/genres_original\jazz\jazz.00019.wav,jazz,,test,5
jazz.00020,data/raw/gtzan/genres_original\jazz\jazz.00020.wav,jazz,,train,5
jazz.00021,data/raw/gtzan/genres_original\jazz\jazz.00021.wav,jazz,,train,5
jazz.00022,data/raw/gtzan/genres_original\jazz\jazz.00022.wav,jazz,,train,5
jazz.00023,data/raw/gtzan/genres_original\jazz\jazz.00023.wav,jazz,,train,5
jazz.00024,data/raw/gtzan/genres_original\jazz\jazz.00024.wav,jazz,,test,5
jazz.00025,data/raw/gtzan/genres_original\jazz\jazz.00025.wav,jazz,,val,5
jazz.00026,data/raw/gtzan/genres_original\jazz\jazz.00026.wav,jazz,,train,5
jazz.00027,data/raw/gtzan/genres_original\jazz\jazz.00027.wav,jazz,,train,5
jazz.00028,data/raw/gtzan/genres_original\jazz\jazz.00028.wav,jazz,,train,5
jazz.00029,data/raw/gtzan/genres_original\jazz\jazz.00029.wav,jazz,,val,5
jazz.00030,data/raw/gtzan/genres_original\jazz\jazz.00030.wav,jazz,,train,5
jazz.00031,data/raw/gtzan/genres_original\jazz\jazz.00031.wav,jazz,,train,5
jazz.00032,data/raw/gtzan/genres_original\jazz\jazz.00032.wav,jazz,,train,5
jazz.00033,data/raw/gtzan/genres_original\jazz\jazz.00033.wav,jazz,,train,5
jazz.00034,data/raw/gtzan/genres_original\jazz\jazz.00034.wav,jazz,,train,5
jazz.00035,data/raw/gtzan/genres_original\jazz\jazz.00035.wav,jazz,,train,5
jazz.00036,data/raw/gtzan/genres_original\jazz\jazz.00036.wav,jazz,,test,5
jazz.00037,data/raw/gtzan/genres_original\jazz\jazz.00037.wav,jazz,,train,5
jazz.00038,data/raw/gtzan/genres_original\jazz\jazz.00038.wav,jazz,,train,5
jazz.00039,data/raw/gtzan/genres_original\jazz\jazz.00039.wav,jazz,,test,5
jazz.00040,data/raw/gtzan/genres_original\jazz\jazz.00040.wav,jazz,,train,5
jazz.00041,data/raw/gtzan/genres_original\jazz\jazz.00041.wav,jazz,,train,5
jazz.00042,data/raw/gtzan/genres_original\jazz\jazz.00042.wav,jazz,,test,5
jazz.00043,data/raw/gtzan/genres_original\jazz\jazz.00043.wav,jazz,,val,5
jazz.00044,data/raw/gtzan/genres_original\jazz\jazz.00044.wav,jazz,,train,5
jazz.00045,data/raw/gtzan/genres_original\jazz\jazz.00045.wav,jazz,,train,5
jazz.00046,data/raw/gtzan/genres_original\jazz\jazz.00046.wav,jazz,,train,5
jazz.00047,data/raw/gtzan/genres_original\jazz\jazz.00047.wav,jazz,,train,5
jazz.00048,data/raw/gtzan/genres_original\jazz\jazz.00048.wav,jazz,,train,5
jazz.00049,data/raw/gtzan/genres_original\jazz\jazz.00049.wav,jazz,,test,5
jazz.00050,data/raw/gtzan/genres_original\jazz\jazz.00050.wav,jazz,,train,5
jazz.00051,data/raw/gtzan/genres_original\jazz\jazz.00051.wav,jazz,,val,5
jazz.00052,data/raw/gtzan/genres_original\jazz\jazz.00052.wav,jazz,,train,5
jazz.00053,data/raw/gtzan/genres_original\jazz\jazz.00053.wav,jazz,,train,5
jazz.00054,data/raw/gtzan/genres_original\jazz\jazz.00054.wav,jazz,,train,5
jazz.00055,data/raw/gtzan/genres_original\jazz\jazz.00055.wav,jazz,,train,5
jazz.00056,data/raw/gtzan/genres_original\jazz\jazz.00056.wav,jazz,,train,5
jazz.00057,data/raw/gtzan/genres_original\jazz\jazz.00057.wav,jazz,,train,5
jazz.00058,data/raw/gtzan/genres_original\jazz\jazz.00058.wav,jazz,,train,5
jazz.00059,data/raw/gtzan/genres_original\jazz\jazz.00059.wav,jazz,,test,5
jazz.00060,data/raw/gtzan/genres_original\jazz\jazz.00060.wav,jazz,,train,5
jazz.00061,data/raw/gtzan/genres_original\jazz\jazz.00061.wav,jazz,,train,5
jazz.00062,data/raw/gtzan/genres_original\jazz\jazz.00062.wav,jazz,,train,5
jazz.00063,data/raw/gtzan/genres_original\jazz\jazz.00063.wav,jazz,,test,5
jazz.00064,data/raw/gtzan/genres_original\jazz\jazz.00064.wav,jazz,,val,5
jazz.00065,data/raw/gtzan/genres_original\jazz\jazz.00065.wav,jazz,,train,5
jazz.00066,data/raw/gtzan/genres_original\jazz\jazz.00066.wav,jazz,,val,5
jazz.00067,data/raw/gtzan/genres_original\jazz\jazz.00067.wav,jazz,,val,5
jazz.00068,data/raw/gtzan/genres_original\jazz\jazz.00068.wav,jazz,,train,5
jazz.00069,data/raw/gtzan/genres_original\jazz\jazz.00069.wav,jazz,,test,5
jazz.00070,data/raw/gtzan/genres_original\jazz\jazz.00070.wav,jazz,,train,5
jazz.00071,data/raw/gtzan/genres_original\jazz\jazz.00071.wav,jazz,,train,5
jazz.00072,data/raw/gtzan/genres_original\jazz\jazz.00072.wav,jazz,,train,5
jazz.00073,data/raw/gtzan/genres_original\jazz\jazz.00073.wav,jazz,,train,5
jazz.00074,data/raw/gtzan/genres_original\jazz\jazz.00074.wav,jazz,,val,5
jazz.00075,data/raw/gtzan/genres_original\jazz\jazz.00075.wav,jazz,,train,5
jazz.00076,data/raw/gtzan/genres_original\jazz\jazz.00076.wav,jazz,,val,5
jazz.00077,data/raw/gtzan/genres_original\jazz\jazz.00077.wav,jazz,,train,5
jazz.00078,data/raw/gtzan/genres_original\jazz\jazz.00078.wav,jazz,,val,5
jazz.00079,data/raw/gtzan/genres_original\jazz\jazz.00079.wav,jazz,,train,5
jazz.00080,data/raw/gtzan/genres_original\jazz\jazz.00080.wav,jazz,,val,5
jazz.00081,data/raw/gtzan/genres_original\jazz\jazz.00081.wav,jazz,,val,5
jazz.00082,data/raw/gtzan/genres_original\jazz\jazz.00082.wav,jazz,,test,5
jazz.00083,data/raw/gtzan/genres_original\jazz\jazz.00083.wav,jazz,,train,5
jazz.00084,data/raw/gtzan/genres_original\jazz\jazz.00084.wav,jazz,,train,5
jazz.00085,data/raw/gtzan/genres_original\jazz\jazz.00085.wav,jazz,,train,5
jazz.00086,data/raw/gtzan/genres_original\jazz\jazz.00086.wav,jazz,,test,5
jazz.00087,data/raw/gtzan/genres_original\jazz\jazz.00087.wav,jazz,,train,5
jazz.00088,data/raw/gtzan/genres_original\jazz\jazz.00088.wav,jazz,,train,5
jazz.00089,data/raw/gtzan/genres_original\jazz\jazz.00089.wav,jazz,,train,5
jazz.00090,data/raw/gtzan/genres_original\jazz\jazz.00090.wav,jazz,,train,5
jazz.00091,data/raw/gtzan/genres_original\jazz\jazz.00091.wav,jazz,,train,5
jazz.00092,data/raw/gtzan/genres_original\jazz\jazz.00092.wav,jazz,,train,5
jazz.00093,data/raw/gtzan/genres_original\jazz\jazz.00093.wav,jazz,,train,5
jazz.00094,data/raw/gtzan/genres_original\jazz\jazz.00094.wav,jazz,,train,5
jazz.00095,data/raw/gtzan/genres_original\jazz\jazz.00095.wav,jazz,,train,5
jazz.00096,data/raw/gtzan/genres_original\jazz\jazz.00096.wav,jazz,,train,5
jazz.00097,data/raw/gtzan/genres_original\jazz\jazz.00097.wav,jazz,,train,5
jazz.00098,data/raw/gtzan/genres_original\jazz\jazz.00098.wav,jazz,,train,5
jazz.00099,data/raw/gtzan/genres_original\jazz\jazz.00099.wav,jazz,,train,5
metal.00000,data/raw/gtzan/genres_original\metal\metal.00000.wav,metal,,train,6
metal.00001,data/raw/gtzan/genres_original\metal\metal.00001.wav,metal,,train,6
metal.00002,data/raw/gtzan/genres_original\metal\metal.00002.wav,metal,,train,6
metal.00003,data/raw/gtzan/genres_original\metal\metal.00003.wav,metal,,val,6
metal.00004,data/raw/gtzan/genres_original\metal\metal.00004.wav,metal,,val,6
metal.00005,data/raw/gtzan/genres_original\metal\metal.00005.wav,metal,,train,6
metal.00006,data/raw/gtzan/genres_original\metal\metal.00006.wav,metal,,train,6
metal.00007,data/raw/gtzan/genres_original\metal\metal.00007.wav,metal,,test,6
metal.00008,data/raw/gtzan/genres_original\metal\metal.00008.wav,metal,,train,6
metal.00009,data/raw/gtzan/genres_original\metal\metal.00009.wav,metal,,test,6
metal.00010,data/raw/gtzan/genres_original\metal\metal.00010.wav,metal,,train,6
metal.00011,data/raw/gtzan/genres_original\metal\metal.00011.wav,metal,,test,6
metal.00012,data/raw/gtzan/genres_original\metal\metal.00012.wav,metal,,train,6
metal.00013,data/raw/gtzan/genres_original\metal\metal.00013.wav,metal,,train,6
metal.00014,data/raw/gtzan/genres_original\metal\metal.00014.wav,metal,,train,6
metal.00015,data/raw/gtzan/genres_original\metal\metal.00015.wav,metal,,val,6
metal.00016,data/raw/gtzan/genres_original\metal\metal.00016.wav,metal,,val,6
metal.00017,data/raw/gtzan/genres_original\metal\metal.00017.wav,metal,,val,6
metal.00018,data/raw/gtzan/genres_original\metal\metal.00018.wav,metal,,val,6
metal.00019,data/raw/gtzan/genres_original\metal\metal.00019.wav,metal,,train,6
metal.00020,data/raw/gtzan/genres_original\metal\metal.00020.wav,metal,,train,6
metal.00021,data/raw/gtzan/genres_original\metal\metal.00021.wav,metal,,train,6
metal.00022,data/raw/gtzan/genres_original\metal\metal.00022.wav,metal,,train,6
metal.00023,data/raw/gtzan/genres_original\metal\metal.00023.wav,metal,,test,6
metal.00024,data/raw/gtzan/genres_original\metal\metal.00024.wav,metal,,test,6
metal.00025,data/raw/gtzan/genres_original\metal\metal.00025.wav,metal,,train,6
metal.00026,data/raw/gtzan/genres_original\metal\metal.00026.wav,metal,,train,6
metal.00027,data/raw/gtzan/genres_original\metal\metal.00027.wav,metal,,train,6
metal.00028,data/raw/gtzan/genres_original\metal\metal.00028.wav,metal,,val,6
metal.00029,data/raw/gtzan/genres_original\metal\metal.00029.wav,metal,,test,6
metal.00030,data/raw/gtzan/genres_original\metal\metal.00030.wav,metal,,train,6
metal.00031,data/raw/gtzan/genres_original\metal\metal.00031.wav,metal,,train,6
metal.00032,data/raw/gtzan/genres_original\metal\metal.00032.wav,metal,,train,6
metal.00033,data/raw/gtzan/genres_original\metal\metal.00033.wav,metal,,train,6
metal.00034,data/raw/gtzan/genres_original\metal\metal.00034.wav,metal,,test,6
metal.00035,data/raw/gtzan/genres_original\metal\metal.00035.wav,metal,,train,6
metal.00036,data/raw/gtzan/genres_original\metal\metal.00036.wav,metal,,train,6
metal.00037,data/raw/gtzan/genres_original\metal\metal.00037.wav,metal,,val,6
metal.00038,data/raw/gtzan/genres_original\metal\metal.00038.wav,metal,,test,6
metal.00039,data/raw/gtzan/genres_original\metal\metal.00039.wav,metal,,train,6
metal.00040,data/raw/gtzan/genres_original\metal\metal.00040.wav,metal,,train,6
metal.00041,data/raw/gtzan/genres_original\metal\metal.00041.wav,metal,,val,6
metal.00042,data/raw/gtzan/genres_original\metal\metal.00042.wav,metal,,train,6
metal.00043,data/raw/gtzan/genres_original\metal\metal.00043.wav,metal,,train,6
metal.00044,data/raw/gtzan/genres_original\metal\metal.00044.wav,metal,,train,6
metal.00045,data/raw/gtzan/genres_original\metal\metal.00045.wav,metal,,train,6
metal.00046,data/raw/gtzan/genres_original\metal\metal.00046.wav,metal,,train,6
metal.00047,data/raw/gtzan/genres_original\metal\metal.00047.wav,metal,,train,6
metal.00048,data/raw/gtzan/genres_original\metal\metal.00048.wav,metal,,train,6
metal.00049,data/raw/gtzan/genres_original\metal\metal.00049.wav,metal,,train,6
metal.00050,data/raw/gtzan/genres_original\metal\metal.00050.wav,metal,,train,6
metal.00051,data/raw/gtzan/genres_original\metal\metal.00051.wav,metal,,train,6
metal.00052,data/raw/gtzan/genres_original\metal\metal.00052.wav,metal,,train,6
metal.00053,data/raw/gtzan/genres_original\metal\metal.00053.wav,metal,,test,6
metal.00054,data/raw/gtzan/genres_original\metal\metal.00054.wav,metal,,train,6
metal.00055,data/raw/gtzan/genres_original\metal\metal.00055.wav,metal,,train,6
metal.00056,data/raw/gtzan/genres_original\metal\metal.00056.wav,metal,,train,6
metal.00057,data/raw/gtzan/genres_original\metal\metal.00057.wav,metal,,train,6
metal.00058,data/raw/gtzan/genres_original\metal\metal.00058.wav,metal,,train,6
metal.00059,data/raw/gtzan/genres_original\metal\metal.00059.wav,metal,,train,6
metal.00060,data/raw/gtzan/genres_original\metal\metal.00060.wav,metal,,train,6
metal.00061,data/raw/gtzan/genres_original\metal\metal.00061.wav,metal,,train,6
metal.00062,data/raw/gtzan/genres_original\metal\metal.00062.wav,metal,,train,6
metal.00063,data/raw/gtzan/genres_original\metal\metal.00063.wav,metal,,val,6
metal.00064,data/raw/gtzan/genres_original\metal\metal.00064.wav,metal,,test,6
metal.00065,data/raw/gtzan/genres_original\metal\metal.00065.wav,metal,,train,6
metal.00066,data/raw/gtzan/genres_original\metal\metal.00066.wav,metal,,train,6
metal.00067,data/raw/gtzan/genres_original\metal\metal.00067.wav,metal,,train,6
metal.00068,data/raw/gtzan/genres_original\metal\metal.00068.wav,metal,,train,6
metal.00069,data/raw/gtzan/genres_original\metal\metal.00069.wav,metal,,train,6
metal.00070,data/raw/gtzan/genres_original\metal\metal.00070.wav,metal,,train,6
metal.00071,data/raw/gtzan/genres_original\metal\metal.00071.wav,metal,,train,6
metal.00072,data/raw/gtzan/genres_original\metal\metal.00072.wav,metal,,val,6
metal.00073,data/raw/gtzan/genres_original\metal\metal.00073.wav,metal,,val,6
metal.00074,data/raw/gtzan/genres_original\metal\metal.00074.wav,metal,,train,6
metal.00075,data/raw/gtzan/genres_original\metal\metal.00075.wav,metal,,train,6
metal.00076,data/raw/gtzan/genres_original\metal\metal.00076.wav,metal,,test,6
metal.00077,data/raw/gtzan/genres_original\metal\metal.00077.wav,metal,,train,6
metal.00078,data/raw/gtzan/genres_original\metal\metal.00078.wav,metal,,train,6
metal.00079,data/raw/gtzan/genres_original\metal\metal.00079.wav,metal,,test,6
metal.00080,data/raw/gtzan/genres_original\metal\metal.00080.wav,metal,,train,6
metal.00081,data/raw/gtzan/genres_original\metal\metal.00081.wav,metal,,train,6
metal.00082,data/raw/gtzan/genres_original\metal\metal.00082.wav,metal,,test,6
metal.00083,data/raw/gtzan/genres_original\metal\metal.00083.wav,metal,,train,6
metal.00084,data/raw/gtzan/genres_original\metal\metal.00084.wav,metal,,val,6
metal.00085,data/raw/gtzan/genres_original\metal\metal.00085.wav,metal,,train,6
metal.00086,data/raw/gtzan/genres_original\metal\metal.00086.wav,metal,,train,6
metal.00087,data/raw/gtzan/genres_original\metal\metal.00087.wav,metal,,train,6
metal.00088,data/raw/gtzan/genres_original\metal\metal.00088.wav,metal,,train,6
metal.00089,data/raw/gtzan/genres_original\metal\metal.00089.wav,metal,,train,6
metal.00090,data/raw/gtzan/genres_original\metal\metal.00090.wav,metal,,val,6
metal.00091,data/raw/gtzan/genres_original\metal\metal.00091.wav,metal,,train,6
metal.00092,data/raw/gtzan/genres_original\metal\metal.00092.wav,metal,,train,6
metal.00093,data/raw/gtzan/genres_original\metal\metal.00093.wav,metal,,train,6
metal.00094,data/raw/gtzan/genres_original\metal\metal.00094.wav,metal,,val,6
metal.00095,data/raw/gtzan/genres_original\metal\metal.00095.wav,metal,,test,6
metal.00096,data/raw/gtzan/genres_original\metal\metal.00096.wav,metal,,test,6
metal.00097,data/raw/gtzan/genres_original\metal\metal.00097.wav,metal,,train,6
metal.00098,data/raw/gtzan/genres_original\metal\metal.00098.wav,metal,,train,6
metal.00099,data/raw/gtzan/genres_original\metal\metal.00099.wav,metal,,train,6
pop.00000,data/raw/gtzan/genres_original\pop\pop.00000.wav,pop,,train,7
pop.00001,data/raw/gtzan/genres_original\pop\pop.00001.wav,pop,,train,7
pop.00002,data/raw/gtzan/genres_original\pop\pop.00002.wav,pop,,train,7
pop.00003,data/raw/gtzan/genres_original\pop\pop.00003.wav,pop,,val,7
pop.00004,data/raw/gtzan/genres_original\pop\pop.00004.wav,pop,,train,7
pop.00005,data/raw/gtzan/genres_original\pop\pop.00005.wav,pop,,train,7
pop.00006,data/raw/gtzan/genres_original\pop\pop.00006.wav,pop,,train,7
pop.00007,data/raw/gtzan/genres_original\pop\pop.00007.wav,pop,,train,7
pop.00008,data/raw/gtzan/genres_original\pop\pop.00008.wav,pop,,val,7
pop.00009,data/raw/gtzan/genres_original\pop\pop.00009.wav,pop,,train,7
pop.00010,data/raw/gtzan/genres_original\pop\pop.00010.wav,pop,,train,7
pop.00011,data/raw/gtzan/genres_original\pop\pop.00011.wav,pop,,train,7
pop.00012,data/raw/gtzan/genres_original\pop\pop.00012.wav,pop,,train,7
pop.00013,data/raw/gtzan/genres_original\pop\pop.00013.wav,pop,,train,7
pop.00014,data/raw/gtzan/genres_original\pop\pop.00014.wav,pop,,train,7
pop.00015,data/raw/gtzan/genres_original\pop\pop.00015.wav,pop,,test,7
pop.00016,data/raw/gtzan/genres_original\pop\pop.00016.wav,pop,,train,7
pop.00017,data/raw/gtzan/genres_original\pop\pop.00017.wav,pop,,train,7
pop.00018,data/raw/gtzan/genres_original\pop\pop.00018.wav,pop,,train,7
pop.00019,data/raw/gtzan/genres_original\pop\pop.00019.wav,pop,,train,7
pop.00020,data/raw/gtzan/genres_original\pop\pop.00020.wav,pop,,test,7
pop.00021,data/raw/gtzan/genres_original\pop\pop.00021.wav,pop,,val,7
pop.00022,data/raw/gtzan/genres_original\pop\pop.00022.wav,pop,,val,7
pop.00023,data/raw/gtzan/genres_original\pop\pop.00023.wav,pop,,test,7
pop.00024,data/raw/gtzan/genres_original\pop\pop.00024.wav,pop,,test,7
pop.00025,data/raw/gtzan/genres_original\pop\pop.00025.wav,pop,,val,7
pop.00026,data/raw/gtzan/genres_original\pop\pop.00026.wav,pop,,train,7
pop.00027,data/raw/gtzan/genres_original\pop\pop.00027.wav,pop,,val,7
pop.00028,data/raw/gtzan/genres_original\pop\pop.00028.wav,pop,,train,7
pop.00029,data/raw/gtzan/genres_original\pop\pop.00029.wav,pop,,train,7
pop.00030,data/raw/gtzan/genres_original\pop\pop.00030.wav,pop,,train,7
pop.00031,data/raw/gtzan/genres_original\pop\pop.00031.wav,pop,,train,7
pop.00032,data/raw/gtzan/genres_original\pop\pop.00032.wav,pop,,train,7
pop.00033,data/raw/gtzan/genres_original\pop\pop.00033.wav,pop,,train,7
pop.00034,data/raw/gtzan/genres_original\pop\pop.00034.wav,pop,,train,7
pop.00035,data/raw/gtzan/genres_original\pop\pop.00035.wav,pop,,train,7
pop.00036,data/raw/gtzan/genres_original\pop\pop.00036.wav,pop,,train,7
pop.00037,data/raw/gtzan/genres_original\pop\pop.00037.wav,pop,,val,7
pop.00038,data/raw/gtzan/genres_original\pop\pop.00038.wav,pop,,test,7
pop.00039,data/raw/gtzan/genres_original\pop\pop.00039.wav,pop,,train,7
pop.00040,data/raw/gtzan/genres_original\pop\pop.00040.wav,pop,,val,7
pop.00041,data/raw/gtzan/genres_original\pop\pop.00041.wav,pop,,train,7
pop.00042,data/raw/gtzan/genres_original\pop\pop.00042.wav,pop,,test,7
pop.00043,data/raw/gtzan/genres_original\pop\pop.00043.wav,pop,,train,7
pop.00044,data/raw/gtzan/genres_original\pop\pop.00044.wav,pop,,train,7
pop.00045,data/raw/gtzan/genres_original\pop\pop.00045.wav,pop,,train,7
pop.00046,data/raw/gtzan/genres_original\pop\pop.00046.wav,pop,,test,7
pop.00047,data/raw/gtzan/genres_original\pop\pop.00047.wav,pop,,val,7
pop.00048,data/raw/gtzan/genres_original\pop\pop.00048.wav,pop,,train,7
pop.00049,data/raw/gtzan/genres_original\pop\pop.00049.wav,pop,,train,7
pop.00050,data/raw/gtzan/genres_original\pop\pop.00050.wav,pop,,val,7
pop.00051,data/raw/gtzan/genres_original\pop\pop.00051.wav,pop,,val,7
pop.00052,data/raw/gtzan/genres_original\pop\pop.00052.wav,pop,,train,7
pop.00053,data/raw/gtzan/genres_original\pop\pop.00053.wav,pop,,train,7
pop.00054,data/raw/gtzan/genres_original\pop\pop.00054.wav,pop,,train,7
pop.00055,data/raw/gtzan/genres_original\pop\pop.00055.wav,pop,,train,7
pop.00056,data/raw/gtzan/genres_original\pop\pop.00056.wav,pop,,train,7
pop.00057,data/raw/gtzan/genres_original\pop\pop.00057.wav,pop,,train,7
pop.00058,data/raw/gtzan/genres_original\pop\pop.00058.wav,pop,,train,7
pop.00059,data/raw/gtzan/genres_original\pop\pop.00059.wav,pop,,train,7
pop.00060,data/raw/gtzan/genres_original\pop\pop.00060.wav,pop,,train,7
pop.00061,data/raw/gtzan/genres_original\pop\pop.00061.wav,pop,,test,7
pop.00062,data/raw/gtzan/genres_original\pop\pop.00062.wav,pop,,train,7
pop.00063,data/raw/gtzan/genres_original\pop\pop.00063.wav,pop,,train,7
pop.00064,data/raw/gtzan/genres_original\pop\pop.00064.wav,pop,,val,7
pop.00065,data/raw/gtzan/genres_original\pop\pop.00065.wav,pop,,val,7
pop.00066,data/raw/gtzan/genres_original\pop\pop.00066.wav,pop,,val,7
pop.00067,data/raw/gtzan/genres_original\pop\pop.00067.wav,pop,,train,7
pop.00068,data/raw/gtzan/genres_original\pop\pop.00068.wav,pop,,train,7
pop.00069,data/raw/gtzan/genres_original\pop\pop.00069.wav,pop,,train,7
pop.00070,data/raw/gtzan/genres_original\pop\pop.00070.wav,pop,,train,7
pop.00071,data/raw/gtzan/genres_original\pop\pop.00071.wav,pop,,train,7
pop.00072,data/raw/gtzan/genres_original\pop\pop.00072.wav,pop,,test,7
pop.00073,data/raw/gtzan/genres_original\pop\pop.00073.wav,pop,,train,7
pop.00074,data/raw/gtzan/genres_original\pop\pop.00074.wav,pop,,train,7
pop.00075,data/raw/gtzan/genres_original\pop\pop.00075.wav,pop,,train,7
pop.00076,data/raw/gtzan/genres_original\pop\pop.00076.wav,pop,,train,7
pop.00077,data/raw/gtzan/genres_original\pop\pop.00077.wav,pop,,test,7
pop.00078,data/raw/gtzan/genres_original\pop\pop.00078.wav,pop,,test,7
pop.00079,data/raw/gtzan/genres_original\pop\pop.00079.wav,pop,,train,7
pop.00080,data/raw/gtzan/genres_original\pop\pop.00080.wav,pop,,train,7
pop.00081,data/raw/gtzan/genres_original\pop\pop.00081.wav,pop,,test,7
pop.00082,data/raw/gtzan/genres_original\pop\pop.00082.wav,pop,,train,7
pop.00083,data/raw/gtzan/genres_original\pop\pop.00083.wav,pop,,train,7
pop.00084,data/raw/gtzan/genres_original\pop\pop.00084.wav,pop,,train,7
pop.00085,data/raw/gtzan/genres_original\pop\pop.00085.wav,pop,,train,7
pop.00086,data/raw/gtzan/genres_original\pop\pop.00086.wav,pop,,train,7
pop.00087,data/raw/gtzan/genres_original\pop\pop.00087.wav,pop,,train,7
pop.00088,data/raw/gtzan/genres_original\pop\pop.00088.wav,pop,,test,7
pop.00089,data/raw/gtzan/genres_original\pop\pop.00089.wav,pop,,train,7
pop.00090,data/raw/gtzan/genres_original\pop\pop.00090.wav,pop,,test,7
pop.00091,data/raw/gtzan/genres_original\pop\pop.00091.wav,pop,,train,7
pop.00092,data/raw/gtzan/genres_original\pop\pop.00092.wav,pop,,train,7
pop.00093,data/raw/gtzan/genres_original\pop\pop.00093.wav,pop,,train,7
pop.00094,data/raw/gtzan/genres_original\pop\pop.00094.wav,pop,,test,7
pop.00095,data/raw/gtzan/genres_original\pop\pop.00095.wav,pop,,val,7
pop.00096,data/raw/gtzan/genres_original\pop\pop.00096.wav,pop,,train,7
pop.00097,data/raw/gtzan/genres_original\pop\pop.00097.wav,pop,,train,7
pop.00098,data/raw/gtzan/genres_original\pop\pop.00098.wav,pop,,train,7
pop.00099,data/raw/gtzan/genres_original\pop\pop.00099.wav,pop,,train,7
reggae.00000,data/raw/gtzan/genres_original\reggae\reggae.00000.wav,reggae,,train,8
reggae.00001,data/raw/gtzan/genres_original\reggae\reggae.00001.wav,reggae,,train,8
reggae.00002,data/raw/gtzan/genres_original\reggae\reggae.00002.wav,reggae,,train,8
reggae.00003,data/raw/gtzan/genres_original\reggae\reggae.00003.wav,reggae,,train,8
reggae.00004,data/raw/gtzan/genres_original\reggae\reggae.00004.wav,reggae,,train,8
reggae.00005,data/raw/gtzan/genres_original\reggae\reggae.00005.wav,reggae,,train,8
reggae.00006,data/raw/gtzan/genres_original\reggae\reggae.00006.wav,reggae,,train,8
reggae.00007,data/raw/gtzan/genres_original\reggae\reggae.00007.wav,reggae,,train,8
reggae.00008,data/raw/gtzan/genres_original\reggae\reggae.00008.wav,reggae,,val,8
reggae.00009,data/raw/gtzan/genres_original\reggae\reggae.00009.wav,reggae,,train,8
reggae.00010,data/raw/gtzan/genres_original\reggae\reggae.00010.wav,reggae,,train,8
reggae.00011,data/raw/gtzan/genres_original\reggae\reggae.00011.wav,reggae,,train,8
reggae.00012,data/raw/gtzan/genres_original\reggae\reggae.00012.wav,reggae,,train,8
reggae.00013,data/raw/gtzan/genres_original\reggae\reggae.00013.wav,reggae,,test,8
reggae.00014,data/raw/gtzan/genres_original\reggae\reggae.00014.wav,reggae,,test,8
reggae.00015,data/raw/gtzan/genres_original\reggae\reggae.00015.wav,reggae,,train,8
reggae.00016,data/raw/gtzan/genres_original\reggae\reggae.00016.wav,reggae,,test,8
reggae.00017,data/raw/gtzan/genres_original\reggae\reggae.00017.wav,reggae,,train,8
reggae.00018,data/raw/gtzan/genres_original\reggae\reggae.00018.wav,reggae,,train,8
reggae.00019,data/raw/gtzan/genres_original\reggae\reggae.00019.wav,reggae,,train,8
reggae.00020,data/raw/gtzan/genres_original\reggae\reggae.00020.wav,reggae,,train,8
reggae.00021,data/raw/gtzan/genres_original\reggae\reggae.00021.wav,reggae,,train,8
reggae.00022,data/raw/gtzan/genres_original\reggae\reggae.00022.wav,reggae,,train,8
reggae.00023,data/raw/gtzan/genres_original\reggae\reggae.00023.wav,reggae,,train,8
reggae.00024,data/raw/gtzan/genres_original\reggae\reggae.00024.wav,reggae,,train,8
reggae.00025,data/raw/gtzan/genres_original\reggae\reggae.00025.wav,reggae,,val,8
reggae.00026,data/raw/gtzan/genres_original\reggae\reggae.00026.wav,reggae,,train,8
reggae.00027,data/raw/gtzan/genres_original\reggae\reggae.00027.wav,reggae,,val,8
reggae.00028,data/raw/gtzan/genres_original\reggae\reggae.00028.wav,reggae,,test,8
reggae.00029,data/raw/gtzan/genres_original\reggae\reggae.00029.wav,reggae,,train,8
reggae.00030,data/raw/gtzan/genres_original\reggae\reggae.00030.wav,reggae,,train,8
reggae.00031,data/raw/gtzan/genres_original\reggae\reggae.00031.wav,reggae,,test,8
reggae.00032,data/raw/gtzan/genres_original\reggae\reggae.00032.wav,reggae,,train,8
reggae.00033,data/raw/gtzan/genres_original\reggae\reggae.00033.wav,reggae,,val,8
reggae.00034,data/raw/gtzan/genres_original\reggae\reggae.00034.wav,reggae,,train,8
reggae.00035,data/raw/gtzan/genres_original\reggae\reggae.00035.wav,reggae,,train,8
reggae.00036,data/raw/gtzan/genres_original\reggae\reggae.00036.wav,reggae,,test,8
reggae.00037,data/raw/gtzan/genres_original\reggae\reggae.00037.wav,reggae,,train,8
reggae.00038,data/raw/gtzan/genres_original\reggae\reggae.00038.wav,reggae,,val,8
reggae.00039,data/raw/gtzan/genres_original\reggae\reggae.00039.wav,reggae,,val,8
reggae.00040,data/raw/gtzan/genres_original\reggae\reggae.00040.wav,reggae,,train,8
reggae.00041,data/raw/gtzan/genres_original\reggae\reggae.00041.wav,reggae,,train,8
reggae.00042,data/raw/gtzan/genres_original\reggae\reggae.00042.wav,reggae,,train,8
reggae.00043,data/raw/gtzan/genres_original\reggae\reggae.00043.wav,reggae,,train,8
reggae.00044,data/raw/gtzan/genres_original\reggae\reggae.00044.wav,reggae,,train,8
reggae.00045,data/raw/gtzan/genres_original\reggae\reggae.00045.wav,reggae,,val,8
reggae.00046,data/raw/gtzan/genres_original\reggae\reggae.00046.wav,reggae,,test,8
reggae.00047,data/raw/gtzan/genres_original\reggae\reggae.00047.wav,reggae,,train,8
reggae.00048,data/raw/gtzan/genres_original\reggae\reggae.00048.wav,reggae,,val,8
reggae.00049,data/raw/gtzan/genres_original\reggae\reggae.00049.wav,reggae,,train,8
reggae.00050,data/raw/gtzan/genres_original\reggae\reggae.00050.wav,reggae,,train,8
reggae.00051,data/raw/gtzan/genres_original\reggae\reggae.00051.wav,reggae,,val,8
reggae.00052,data/raw/gtzan/genres_original\reggae\reggae.00052.wav,reggae,,val,8
reggae.00053,data/raw/gtzan/genres_original\reggae\reggae.00053.wav,reggae,,train,8
reggae.00054,data/raw/gtzan/genres_original\reggae\reggae.00054.wav,reggae,,train,8
reggae.00055,data/raw/gtzan/genres_original\reggae\reggae.00055.wav,reggae,,train,8
reggae.00056,data/raw/gtzan/genres_original\reggae\reggae.00056.wav,reggae,,train,8
reggae.00057,data/raw/gtzan/genres_original\reggae\reggae.00057.wav,reggae,,val,8
reggae.00058,data/raw/gtzan/genres_original\reggae\reggae.00058.wav,reggae,,train,8
reggae.00059,data/raw/gtzan/genres_original\reggae\reggae.00059.wav,reggae,,train,8
reggae.00060,data/raw/gtzan/genres_original\reggae\reggae.00060.wav,reggae,,train,8
reggae.00061,data/raw/gtzan/genres_original\reggae\reggae.00061.wav,reggae,,train,8
reggae.00062,data/raw/gtzan/genres_original\reggae\reggae.00062.wav,reggae,,train,8
reggae.00063,data/raw/gtzan/genres_original\reggae\reggae.00063.wav,reggae,,test,8
reggae.00064,data/raw/gtzan/genres_original\reggae\reggae.00064.wav,reggae,,val,8
reggae.00065,data/raw/gtzan/genres_original\reggae\reggae.00065.wav,reggae,,train,8
reggae.00066,data/raw/gtzan/genres_original\reggae\reggae.00066.wav,reggae,,train,8
reggae.00067,data/raw/gtzan/genres_original\reggae\reggae.00067.wav,reggae,,train,8
reggae.00068,data/raw/gtzan/genres_original\reggae\reggae.00068.wav,reggae,,test,8
reggae.00069,data/raw/gtzan/genres_original\reggae\reggae.00069.wav,reggae,,test,8
reggae.00070,data/raw/gtzan/genres_original\reggae\reggae.00070.wav,reggae,,test,8
reggae.00071,data/raw/gtzan/genres_original\reggae\reggae.00071.wav,reggae,,train,8
reggae.00072,data/raw/gtzan/genres_original\reggae\reggae.00072.wav,reggae,,train,8
reggae.00073,data/raw/gtzan/genres_original\reggae\reggae.00073.wav,reggae,,train,8
reggae.00074,data/raw/gtzan/genres_original\reggae\reggae.00074.wav,reggae,,train,8
reggae.00075,data/raw/gtzan/genres_original\reggae\reggae.00075.wav,reggae,,train,8
reggae.00076,data/raw/gtzan/genres_original\reggae\reggae.00076.wav,reggae,,train,8
reggae.00077,data/raw/gtzan/genres_original\reggae\reggae.00077.wav,reggae,,train,8
reggae.00078,data/raw/gtzan/genres_original\reggae\reggae.00078.wav,reggae,,train,8
reggae.00079,data/raw/gtzan/genres_original\reggae\reggae.00079.wav,reggae,,train,8
reggae.00080,data/raw/gtzan/genres_original\reggae\reggae.00080.wav,reggae,,train,8
reggae.00081,data/raw/gtzan/genres_original\reggae\reggae.00081.wav,reggae,,train,8
reggae.00082,data/raw/gtzan/genres_original\reggae\reggae.00082.wav,reggae,,train,8
reggae.00083,data/raw/gtzan/genres_original\reggae\reggae.00083.wav,reggae,,test,8
reggae.00084,data/raw/gtzan/genres_original\reggae\reggae.00084.wav,reggae,,train,8
reggae.00085,data/raw/gtzan/genres_original\reggae\reggae.00085.wav,reggae,,train,8
reggae.00086,data/raw/gtzan/genres_original\reggae\reggae.00086.wav,reggae,,train,8
reggae.00087,data/raw/gtzan/genres_original\reggae\reggae.00087.wav,reggae,,train,8
reggae.00088,data/raw/gtzan/genres_original\reggae\reggae.00088.wav,reggae,,train,8
reggae.00089,data/raw/gtzan/genres_original\reggae\reggae.00089.wav,reggae,,train,8
reggae.00090,data/raw/gtzan/genres_original\reggae\reggae.00090.wav,reggae,,train,8
reggae.00091,data/raw/gtzan/genres_original\reggae\reggae.00091.wav,reggae,,val,8
reggae.00092,data/raw/gtzan/genres_original\reggae\reggae.00092.wav,reggae,,train,8
reggae.00093,data/raw/gtzan/genres_original\reggae\reggae.00093.wav,reggae,,test,8
reggae.00094,data/raw/gtzan/genres_original\reggae\reggae.00094.wav,reggae,,test,8
reggae.00095,data/raw/gtzan/genres_original\reggae\reggae.00095.wav,reggae,,test,8
reggae.00096,data/raw/gtzan/genres_original\reggae\reggae.00096.wav,reggae,,val,8
reggae.00097,data/raw/gtzan/genres_original\reggae\reggae.00097.wav,reggae,,val,8
reggae.00098,data/raw/gtzan/genres_original\reggae\reggae.00098.wav,reggae,,train,8
reggae.00099,data/raw/gtzan/genres_original\reggae\reggae.00099.wav,reggae,,train,8
rock.00000,data/raw/gtzan/genres_original\rock\rock.00000.wav,rock,,test,9
rock.00001,data/raw/gtzan/genres_original\rock\rock.00001.wav,rock,,train,9
rock.00002,data/raw/gtzan/genres_original\rock\rock.00002.wav,rock,,test,9
rock.00003,data/raw/gtzan/genres_original\rock\rock.00003.wav,rock,,train,9
rock.00004,data/raw/gtzan/genres_original\rock\rock.00004.wav,rock,,train,9
rock.00005,data/raw/gtzan/genres_original\rock\rock.00005.wav,rock,,train,9
rock.00006,data/raw/gtzan/genres_original\rock\rock.00006.wav,rock,,train,9
rock.00007,data/raw/gtzan/genres_original\rock\rock.00007.wav,rock,,train,9
rock.00008,data/raw/gtzan/genres_original\rock\rock.00008.wav,rock,,val,9
rock.00009,data/raw/gtzan/genres_original\rock\rock.00009.wav,rock,,train,9
rock.00010,data/raw/gtzan/genres_original\rock\rock.00010.wav,rock,,val,9
rock.00011,data/raw/gtzan/genres_original\rock\rock.00011.wav,rock,,val,9
rock.00012,data/raw/gtzan/genres_original\rock\rock.00012.wav,rock,,train,9
rock.00013,data/raw/gtzan/genres_original\rock\rock.00013.wav,rock,,train,9
rock.00014,data/raw/gtzan/genres_original\rock\rock.00014.wav,rock,,test,9
rock.00015,data/raw/gtzan/genres_original\rock\rock.00015.wav,rock,,train,9
rock.00016,data/raw/gtzan/genres_original\rock\rock.00016.wav,rock,,train,9
rock.00017,data/raw/gtzan/genres_original\rock\rock.00017.wav,rock,,train,9
rock.00018,data/raw/gtzan/genres_original\rock\rock.00018.wav,rock,,val,9
rock.00019,data/raw/gtzan/genres_original\rock\rock.00019.wav,rock,,train,9
rock.00020,data/raw/gtzan/genres_original\rock\rock.00020.wav,rock,,val,9
rock.00021,data/raw/gtzan/genres_original\rock\rock.00021.wav,rock,,train,9
rock.00022,data/raw/gtzan/genres_original\rock\rock.00022.wav,rock,,train,9
rock.00023,data/raw/gtzan/genres_original\rock\rock.00023.wav,rock,,train,9
rock.00024,data/raw/gtzan/genres_original\rock\rock.00024.wav,rock,,train,9
rock.00025,data/raw/gtzan/genres_original\rock\rock.00025.wav,rock,,val,9
rock.00026,data/raw/gtzan/genres_original\rock\rock.00026.wav,rock,,train,9
rock.00027,data/raw/gtzan/genres_original\rock\rock.00027.wav,rock,,train,9
rock.00028,data/raw/gtzan/genres_original\rock\rock.00028.wav,rock,,test,9
rock.00029,data/raw/gtzan/genres_original\rock\rock.00029.wav,rock,,test,9
rock.00030,data/raw/gtzan/genres_original\rock\rock.00030.wav,rock,,test,9
rock.00031,data/raw/gtzan/genres_original\rock\rock.00031.wav,rock,,train,9
rock.00032,data/raw/gtzan/genres_original\rock\rock.00032.wav,rock,,train,9
rock.00033,data/raw/gtzan/genres_original\rock\rock.00033.wav,rock,,train,9
rock.00034,data/raw/gtzan/genres_original\rock\rock.00034.wav,rock,,train,9
rock.00035,data/raw/gtzan/genres_original\rock\rock.00035.wav,rock,,train,9
rock.00036,data/raw/gtzan/genres_original\rock\rock.00036.wav,rock,,train,9
rock.00037,data/raw/gtzan/genres_original\rock\rock.00037.wav,rock,,train,9
rock.00038,data/raw/gtzan/genres_original\rock\rock.00038.wav,rock,,test,9
rock.00039,data/raw/gtzan/genres_original\rock\rock.00039.wav,rock,,train,9
rock.00040,data/raw/gtzan/genres_original\rock\rock.00040.wav,rock,,test,9
rock.00041,data/raw/gtzan/genres_original\rock\rock.00041.wav,rock,,train,9
rock.00042,data/raw/gtzan/genres_original\rock\rock.00042.wav,rock,,val,9
rock.00043,data/raw/gtzan/genres_original\rock\rock.00043.wav,rock,,test,9
rock.00044,data/raw/gtzan/genres_original\rock\rock.00044.wav,rock,,val,9
rock.00045,data/raw/gtzan/genres_original\rock\rock.00045.wav,rock,,train,9
rock.00046,data/raw/gtzan/genres_original\rock\rock.00046.wav,rock,,train,9
rock.00047,data/raw/gtzan/genres_original\rock\rock.00047.wav,rock,,train,9
rock.00048,data/raw/gtzan/genres_original\rock\rock.00048.wav,rock,,train,9
rock.00049,data/raw/gtzan/genres_original\rock\rock.00049.wav,rock,,val,9
rock.00050,data/raw/gtzan/genres_original\rock\rock.00050.wav,rock,,train,9
rock.00051,data/raw/gtzan/genres_original\rock\rock.00051.wav,rock,,test,9
rock.00052,data/raw/gtzan/genres_original\rock\rock.00052.wav,rock,,train,9
rock.00053,data/raw/gtzan/genres_original\rock\rock.00053.wav,rock,,train,9
rock.00054,data/raw/gtzan/genres_original\rock\rock.00054.wav,rock,,train,9
rock.00055,data/raw/gtzan/genres_original\rock\rock.00055.wav,rock,,train,9
rock.00056,data/raw/gtzan/genres_original\rock\rock.00056.wav,rock,,train,9
rock.00057,data/raw/gtzan/genres_original\rock\rock.00057.wav,rock,,train,9
rock.00058,data/raw/gtzan/genres_original\rock\rock.00058.wav,rock,,train,9
rock.00059,data/raw/gtzan/genres_original\rock\rock.00059.wav,rock,,train,9
rock.00060,data/raw/gtzan/genres_original\rock\rock.00060.wav,rock,,train,9
rock.00061,data/raw/gtzan/genres_original\rock\rock.00061.wav,rock,,val,9
rock.00062,data/raw/gtzan/genres_original\rock\rock.00062.wav,rock,,train,9
rock.00063,data/raw/gtzan/genres_original\rock\rock.00063.wav,rock,,train,9
rock.00064,data/raw/gtzan/genres_original\rock\rock.00064.wav,rock,,train,9
rock.00065,data/raw/gtzan/genres_original\rock\rock.00065.wav,rock,,test,9
rock.00066,data/raw/gtzan/genres_original\rock\rock.00066.wav,rock,,train,9
rock.00067,data/raw/gtzan/genres_original\rock\rock.00067.wav,rock,,train,9
rock.00068,data/raw/gtzan/genres_original\rock\rock.00068.wav,rock,,train,9
rock.00069,data/raw/gtzan/genres_original\rock\rock.00069.wav,rock,,train,9
rock.00070,data/raw/gtzan/genres_original\rock\rock.00070.wav,rock,,train,9
rock.00071,data/raw/gtzan/genres_original\rock\rock.00071.wav,rock,,train,9
rock.00072,data/raw/gtzan/genres_original\rock\rock.00072.wav,rock,,test,9
rock.00073,data/raw/gtzan/genres_original\rock\rock.00073.wav,rock,,train,9
rock.00074,data/raw/gtzan/genres_original\rock\rock.00074.wav,rock,,train,9
rock.00075,data/raw/gtzan/genres_original\rock\rock.00075.wav,rock,,train,9
rock.00076,data/raw/gtzan/genres_original\rock\rock.00076.wav,rock,,train,9
rock.00077,data/raw/gtzan/genres_original\rock\rock.00077.wav,rock,,train,9
rock.00078,data/raw/gtzan/genres_original\rock\rock.00078.wav,rock,,val,9
rock.00079,data/raw/gtzan/genres_original\rock\rock.00079.wav,rock,,val,9
rock.00080,data/raw/gtzan/genres_original\rock\rock.00080.wav,rock,,val,9
rock.00081,data/raw/gtzan/genres_original\rock\rock.00081.wav,rock,,val,9
rock.00082,data/raw/gtzan/genres_original\rock\rock.00082.wav,rock,,train,9
rock.00083,data/raw/gtzan/genres_original\rock\rock.00083.wav,rock,,test,9
rock.00084,data/raw/gtzan/genres_original\rock\rock.00084.wav,rock,,test,9
rock.00085,data/raw/gtzan/genres_original\rock\rock.00085.wav,rock,,val,9
rock.00086,data/raw/gtzan/genres_original\rock\rock.00086.wav,rock,,train,9
rock.00087,data/raw/gtzan/genres_original\rock\rock.00087.wav,rock,,train,9
rock.00088,data/raw/gtzan/genres_original\rock\rock.00088.wav,rock,,train,9
rock.00089,data/raw/gtzan/genres_original\rock\rock.00089.wav,rock,,train,9
rock.00090,data/raw/gtzan/genres_original\rock\rock.00090.wav,rock,,train,9
rock.00091,data/raw/gtzan/genres_original\rock\rock.00091.wav,rock,,train,9
rock.00092,data/raw/gtzan/genres_original\rock\rock.00092.wav,rock,,train,9
rock.00093,data/raw/gtzan/genres_original\rock\rock.00093.wav,rock,,train,9
rock.00094,data/raw/gtzan/genres_original\rock\rock.00094.wav,rock,,train,9
rock.00095,data/raw/gtzan/genres_original\rock\rock.00095.wav,rock,,train,9
rock.00096,data/raw/gtzan/genres_original\rock\rock.00096.wav,rock,,train,9
rock.00097,data/raw/gtzan/genres_original\rock\rock.00097.wav,rock,,train,9
rock.00098,data/raw/gtzan/genres_original\rock\rock.00098.wav,rock,,train,9
rock.00099,data/raw/gtzan/genres_original\rock\rock.00099.wav,rock,,test,9
